Userid,Event Name,Latitude,Longitude,Tweet Timestamp,Event Timestamp,Hashtags,Category (for our reference),Emotion,Uncertainity
abjectMackerel6,Olympics 2023,38.03737,-25.9456,10/25/2022 23:54,11/7/2022 9:27,#hockey #gymnastics #teamindia #yuzuruhanyu #neerajchopra #instagood #tennis #run #paralympics  #track #workout #nike #nba #karate #photography #hurdles #tokio,Tech event,happy,0.644937
amazedThrush4,Christmas Day 2022,88.38288,-110.817,10/20/2022 20:50,12/25/2022 7:23,#santaclaus #december #noel #art#family #snow #photography #merrychristmas #Sydney,Public holidays,happy,0.536735
murkyJaguar6,Halloween Party,9.360278,-167.335,10/27/2022 21:05,10/31/2022 19:25,#pumpkinpie #celebrate #fun #stuffing #pumpkin #holidayseason #happy #falldecor #spookyseason #vampire #zombie #ghost #halloween,Festival,happy,0.21737
abjectViper6,All Saint's Day,2.412618,86.34412,10/28/2022 15:16,11/1/2022 19:25,#allsaintsday #halloween  #diadelosmuertos #dayofthedead #allsoulsday,Festival,happy,0.661207
puzzledCrackers2,Thanks Giving,3.363116,141.5648,10/23/2022 0:15,10/31/2022 1:17,#thanksgiving #thanks #giving #socialenvy #turkeyday #turkey #christmas #thanksgivingdinner  #gratitude #holidays #givethanks #halloween #fun #enjoy,Public holidays,happy,0.894232
eagerMallard9,Day of the Dead,44.79027,-129.34,10/24/2022 3:10,11/7/2022 5:25,#skeleton #ofrenda #catrinamakeup #lacatrina #adelosmuertos #m #halloweenmakeup #xico #diadelosmuertosmakeup #photooftheday #losangeles #a #cempasuchil #ademuertos #dayofthedeadart,Social Gathering,fear,0.648662
amazedThrush4,Study Abroad Webinar,-16.6221,-73.1245,10/28/2022 23:51,11/8/2022 5:28,#SITStudyAbroad #NotYourOrdinaryStudyAbroad #ProfessionalDevelopment #abroad #study ,Social Gathering,happy,0.699746
aloofDoves4,Soccer Legion,-4.67709,-133.007,10/27/2022 4:30,10/31/2022 21:16,#soccer #ball #futbol #envywear,Social Gathering,happy,0.654315
anxiousTermite3,Halloween Party,76.86266,-68.6951,10/28/2022 22:17,10/31/2022 23:41,#halloweencostume #halloween #spooky #horror #spookyseason #stuffing #pumpkin #holidayseason,Social Gathering,fear,0.008213
worriedSnail5,Halloween Party,-15.7663,-130.417,10/29/2022 23:59,10/31/2022 1:05,#horrorart #horrorfan #halloweenparty #horrormovies #trickortreat #halloweenmakeup,Social Gathering,fear,0.491338
wingedPiglet7,Halloween Party,-41.1518,121.2777,10/20/2022 10:00,10/31/2022 20:57,#halloweenvibes #halloweeniscoming #halloweenmakeup #halloweencostume #halloweenparty #halloweenart #ghost,Social Gathering,fear,0.443729
solidOryx5,Thanks Giving 2022,80.18668,71.16487,10/31/2022 18:08,10/30/2022 11:37,#thanksgiving #pumpkinpie #happythanksgivng #thanksgivingdinner #stuffing #thanksgiving2022,Social Gathering,joy,0.658477
abjectMackerel6,Thanks Giving 2022,-12.9402,-41.7113,10/18/2022 15:15,10/31/2022 17:00,#thanksgivingdinner #stuffing #thanksgiving2022 #thanksgivingweekend #thanksgivingbreak #thanksgivingeve #thanksgivingdecor,Social Gathering,happy,0.040493
hushedChough4,Thanks Giving 2022,14.9451,47.56519,10/19/2022 14:51,10/31/2022 5:06,#Fairmont #Scottsdale #stuffing #thanksgiving2022 #thanksgivingeve #thanksgivingdecor #thanksgivingclapback #thanksgivingtable,Social Gathering,joy,0.377937
curiousCheetah5,Thanks Giving 2022,67.62084,-16.8178,10/28/2022 11:30,10/31/2022 14:44,#thanksgiving2022 #thanksgivingweek #thanksgivingfeast #thanksgivingclapback #thanksgivingfeast #Fairmont #Scottsdale ,Social Gathering,joy,0.301549
chicBagels1,Thanks Giving 2022,-38.4408,-20.4277,10/25/2022 19:13,10/31/2022 8:34,#stuffing #thanksgiving2022 #thanksgivingclapback #thanksgivingfeast #thanksgivingbreak,Social Gathering,joy,0.184607
amazedOil0,Christmas'22,81.53937,27.93423,10/24/2022 16:57,12/25/2022 3:42,#christmas #christmastree #christmasdecor #xmas #merrychristmas #love #christmastime #winter  #christmasdecorations #holidays #Sydney,Social Gathering,joy,0.220932
worriedIguana1,Christmas'22,-3.37644,111.4191,10/31/2022 12:15,12/25/2022 8:40,#christmastree #christmasdecor #xmas #merrychristmas #christmasgifts #santa #christmasiscoming #christmasdecorations #holidays #family #snow #photography #Bali #Indonesia,Social Gathering,happy,0.203028
jealousOcelot7,Christmas'22,-2.33507,139.9228,10/24/2022 19:03,12/25/2022 22:41,#xmas #merrychristmas #santaclaus #december #noel #art #family #snow #photography #gifts #weihnachten #Bali #Indonesia,Social Gathering,happy,0.833685
humorousOcelot5,Christmas'22,-22.7111,-46.2062,10/26/2022 20:01,12/25/2022 22:30,#xmas #merrychristmas #santa #christmasiscoming #christmasdecorations #gifts #weihnachten  #christmastree #christmasdecor,Festivals,happy,0.031258
grumpyBoars7,Christmas'22,-73.8,-169.601,10/30/2022 14:55,12/25/2022 17:43,#christmas #christmastree #christmasdecor #xmas #santa #christmasiscoming #christmasdecorations #santaclaus #december #noel #art#family #snow #photography,Festivals,joy,0.438377
worriedSnail5,Olympics 2023,-82.9719,104.9006,11/1/2022 9:14,11/9/2022 19:38,#karate #photography #hurdles #tokio #figureskating #iceskating #skating #cheer  #olympics2023,Festivals,happy,0.408758
mellowFerret8,Olympics 2023,6.100357,0.52602,10/31/2022 14:58,11/15/2022 10:47,#basketball #boxing #nba #swimming #athlete #champion #olympics  #olympics2023,Festivals,happy,0.581971
relievedQuiche6,Olympics 2023,45.48438,-143.392,10/25/2022 0:16,11/13/2022 23:27,#sport #football #running #gold #tokyo #run #sports #olympics #london #japan #india  #olympics2023,Festivals,anger,0.557814
grumpyPiglet8,Olympics 2023,-69.658,-135.559,10/21/2022 8:27,10/28/2022 8:46,#olympics #london #japan #india #training #usa #nike #trending #sport #football  #olympics2023,Festivals,happy,0.697442
goofyCoconut0,Olympics 2023,77.26894,1.059619,10/24/2022 12:26,11/7/2022 5:12,#running #gold #tokyo #run #sports #basketball #boxing #olympics #olympics2023,Festivals,happy,0.81201
jealousPolenta0,Central Pennsylvania Festival of the Arts,27.64384,-34.7157,10/30/2022 15:16,10/25/2022 13:01,#cpartsfestival #artfestival are #artfestival #art #festival #contemporaryart #artist #artwork #musicfestival #photography #music #artfest #Pennsylvania ,Festivals,happy,0.396678
mellowDoves9,Cherry Creek Arts Festival,-42.2939,65.37626,10/27/2022 1:35,11/2/2022 17:53,#CherryArts #CherryCreekArtsFestival and #ArtforEveryone,Festivals,happy,0.788564
pitifulCod8,FIFA World Cup,48.80615,-146.179,10/18/2022 4:28,11/10/2022 4:30,#fifafanfest #fifa2023 #fifapack #fifaplayers #fifafut #fifawwc #fifalegend #fifaworldcup2023 #fifaluck #eafifa #fifacoins #scififantasy #fifa2023 #ronaldo #championsleague #futbol #fifaultimateteam,Festivals,happy,0.559255
pitifulMagpie1,FINA World Swimming Championships (25m),-67.5952,174.1374,10/21/2022 6:56,10/29/2022 2:35,#nadadoras #instaswim #quicklymallas #mallasquickly #swimstagram #look #swimmingpool #trajesdeba #fina #swimming #swim #swimmer #swim25m,Festivals,happy,0.897948
bubblyOryx4,FINA World Swimming Championships (25m),-46.3728,168.7425,10/24/2022 1:36,11/6/2022 13:45,#swimwear #fina #entrenamiento #cadda #mallasdeportivas #nadadora #mallasdenatacion #resistentesalcloro #resistentealcloro #entrenamiento #cadda #mallasdeportivas #nadadora #mallasdenatacion #resistentesalcloro #swim25m,Festivals,happy,0.652512
trustingMare3,FINA World Swimming Championships (25m),13.39342,111.5908,10/23/2022 7:05,10/30/2022 21:20,#fina #swimming #swim #swimmer #o #swimmerslife #sport #iloveswimming #moda #swimwear #swimlife #waterpolo #tokyo #follow #fitness #swim25m,Festivals,happy,0.709254
blissfulChowder5,FIFA World Cup,51.86039,41.90063,10/23/2022 17:01,10/29/2022 20:24,#fifa #football #soccer #messi #ronaldo #championsleague #futbol #fifaultimateteam #fifacoins #scififantasy #fifa2023,Sports,happy,0.896373
cruelPear2,Womens World Cup,-82.1517,28.19659,10/18/2022 22:49,10/30/2022 20:56,#womensworldcup #soccer #worldcup #football #uswnt #womenssoccer #fifa #womensfootball #alexmorgan #meganrapinoe #tobinheath #christenpress #lindseyhoran #soccerskills,Sports,happy,0.013151
shyStork6,Womens World Cup,67.51433,173.5753,10/26/2022 15:34,10/24/2022 8:59,#womenempowerment #roselavelle #emilysonnett #carlilloyd #malpugh #women #woso #abbydahlkemper #soccerskills #kelleyohara #beckysauerbrunn #fawsl #lionesses #tobintuesday #preath #womenempowerment #portlandthornsfc #preathisreal,Sports,happy,0.577098
sheepishBagels1,US Open,-82.358,-28.0682,10/22/2022 12:25,11/8/2022 2:08,#tennismatch #tennistime #wilson #babolat #tennisgirl #tenniscoach #tennispro #tennisplayers #usa #rafanadal #serenawilliams #golf #djokernole #daviscup #tennistv #kyrgios,Sports,happy,0.323498
wornoutFlamingo8,Commonwealth Games,-17.1059,55.60054,10/29/2022 8:28,11/5/2022 22:44,#weightlifting #sprinter #olympicgames #indian #gc #theflyingsikh #pvsindhu #sainanehwal #shooting #gold #instasports #legend #badmintonlovers #teamengland #games #onthisday #wrestling #badmintonplayer #olympian #badmintonindia #worldathletics #indianathlete #prideofindia #adidas #sportlife #gymnast #srilanka #vineshphogat #badmintonindonesia #wrestler,Sports,anger,0.681539
similarPiglet1,CES (Consumer Electronics Show),-45.4684,21.35643,10/20/2022 12:34,10/28/2022 22:12,#ces #vegas #ch #free #vegasbound #encorebeachclub #viphost #nightclub #cosmopolitanlasvegas #wetrepublic #mgmgrand #edc ,Tech conferences,happy,0.228494
amazedOil0,ICML 2022 (Tech conference),60.2076,3.941237,10/18/2022 9:54,11/2/2022 23:50,#icml #icml2022 #machineLearning #cybersecurity #digitaltransformation #softwaredeveloper #code #neuralnetworks #computer #php #hawaii #research #ieee,Tech conferences,happy,0.692876
shyStork6,ICML 2022 (Tech conference),68.98804,-8.76678,10/28/2022 5:27,10/26/2022 21:48,#hawaii #machinelearningalgorithms #computervision #android #cloud #bhfyp #research #ieee,Tech conferences,happy,0.531394
ardentPolenta8,Cisco Live,-50.6327,112.0616,11/1/2022 19:30,11/9/2022 23:46,#juniper #ciscocertification #ubiquiti #data #vmware #cisconetworking #iot #certification #devops #networkadmin #informationtechnology #programming #dell,Tech conferences,happy,0.157838
outlyingChough9,50 Year Anniversary of Pride March,-8.7314,-69.3565,10/31/2022 5:25,11/11/2022 18:47,#transgender #lgbtrights #parade  #queerlove #trans #happy #lgbtyouth #queerlife #followers #gaylovegay #husbandandhusband #husbandappreciation #husbandandhusbandhappy,elections/political events,joy,0.813258
resolvedAntelope6,European Elections,1.349627,-147.096,10/24/2022 4:59,11/9/2022 19:34,#europ #europeans #italy  #belgium #strasbourg #thefutureisyours #eusolidarity #europeansociety #epp #eppgroup #news #europarlament #slovensko #peace #europeanfashion,elections/political events,happy,0.022932
fondLapwing2,50 Year Anniversary of Pride March,-81.8406,-137.482,10/28/2022 14:18,10/29/2022 6:55,#prideparade #pride #pridemonth #lgbtq #gay #lgbt #gaypride #gayfow #prideflag #nycpride #bisexualpride #bi #pridefest #celebration #happypride #prideparadenyc,elections/political events,happy,0.682219
soreViper3,50 Year Anniversary of Pride March,7.008686,48.91296,10/27/2022 9:19,11/13/2022 21:48,#bipride #nyc #w #gayman #gaycouple #prideparade #pride #pridemonth #lgbtq #gay #lgbt #tbtfollowers #nonbinary #pridemakeup #prideandjoy #prideweek #music,Public holidays,joy,0.65069
gutturalTacos8,Columbus day,-67.4677,38.73876,10/21/2022 22:20,11/5/2022 12:26,#columbusday #christophercolumbus #columbus #indigenouspeoplesday #america #nativeamerican #italianamerican #savecolumbus #cristoforocolombo #italia #savecolumbusday #columbusdayweekend,Public holidays,happy,0.064904
excitedSalt0,Juneteenth,38.95683,-104.527,10/30/2022 19:35,11/14/2022 17:07,#hiphop #nyc #blackculture #blackgirlsrock #smallbusiness #blackwomen #melaninpoppin #independenceday #culture #nojusticenopeace #unity #fortheculture #blackhistorymonth #slavery #supportblackownedbusinesses,Public holidays,happy,0.945703
grizzledWidgeon2,Independence Day,-71.5264,-134.743,10/28/2022 10:18,11/4/2022 15:00,#independenceday #thofjuly #india #july #th #freedom #august #fourthofjuly #usa #love #happy #happyindependenceday #independence #america #fireworks #india,Public holidays,happy,0.923926
boredBuck1,Memorial Day,88.00547,-159.808,10/25/2022 16:03,11/11/2022 23:25,#art #follow #weekend #patriotic #thankful #beach #holiday #grateful #fitness #veteran #party #navy #airforce #memorialweekend #bbq #travel #marines #quarantine #memorialdaybbq #nyc #fireworks #newyork,Public holidays,happy,0.627078
trustingGatorade6,Labor Day,-4.9185,122.6146,10/22/2022 2:46,10/31/2022 11:45,#laborday #labordayweekend #happylaborday #labordaysale #summer #longweekend #sale ,Public holidays,happy,0.162398
insecurePonie7,Platinum Jubilee Bank Holiday,-49.5004,-128.035,10/18/2022 20:43,11/4/2022 23:15, #PlatinumJuiblee #HM70,Public holidays,happy,0.124311
ferventPlover8,Boxing Day,-17.8558,-164.927,10/25/2022 5:20,11/15/2022 13:27,#boxer #training #boxingdrills #kickboxing #boxingfans #boxingfitness #muaythai #fighter #motivation #boxingfamily #workout #champion #boxingislife #boxinggirl #gym #muhammadali,Public holidays,anger,0.09169
trustingMare3,US Open,-13.4027,-109.674,10/24/2022 23:04,11/4/2022 7:05,#nike #zverev #newyork #delpotro #goat #tennislover #andymurray #tsitsipas #nole #adidas #emmaraducanu #thiem #nolefam #medvedev #fitness,Sports,happy,0.476182
ferventPlover8,US Open,-8.26145,37.32613,10/23/2022 20:38,11/7/2022 13:24,#nike #adidas #tennismatch #tennistime  #tennispro #tennisplayers #usa #rafanadal #serenawilliams #golf #djokernole #daviscup #tennistv #kyrgios #zverev #newyork,Sports,happy,0.9256
eagerPonie7,Memorial Day,-56.8023,-51.1205,10/26/2022 0:36,11/13/2022 11:05,#memorialday #memorialdayweekend #usa #love #america #memorial #memorialdaysale #mdw #like #memories #military #veterans #summer #thankyou #photooftheday,Public holidays,sadness,0.084695
peskySwift9,Memorial Day,-61.3556,-172.366,10/31/2022 1:47,11/6/2022 6:34,#family #memes #redwhiteandblue #instagood #photography #remember #freedom #instagram #happymemorialday #neverforget #covid #honor #army #friends #sale #nyc #fireworks #newyork,Public holidays,sadness,0.262801
excitedMallard5,Juneteenth,73.65787,-159.344,10/28/2022 11:05,11/2/2022 6:54,#juneteenth #blacklivesmatter #blm #blackhistory #juneteenthcelebration #blackgirlmagic #blackownedbusiness #freedom #love #blackexcellence #explorepage #black #melanin #blackowned #blacklove #buyblack #june,Public holidays,happy,0.567466
goofyCoconut0,Juneteenth,39.74001,32.31675,10/19/2022 9:19,11/2/2022 20:38,#blacklove #buyblack #june #blackpower #atlanta #happyjuneteenth #georgefloyd #supportblackbusiness #fashion #blackbusiness #art #th #explore #blackisbeautiful #music #repost,Public holidays,happy,0.369649
fondSnail9,Cisco Live,-83.0209,-105.905,10/29/2022 19:20,11/6/2022 21:06,#informationtechnology #programming #dell #ciscosystems #ipv #routing #huawei #itsupport #computer #comptia #azure #business #itcertification,Conference,happy,0.812109
insecureRat7,Cisco Live,-34.5573,-90.8278,10/22/2022 1:00,10/26/2022 4:42,#juniper #ciscocertification #azure #business #itcertification #windows #firewall #infosec #cat #cybercrime #mcse #switching,Conference,happy,0.010074
solidDoves5,Independence Day,6.586623,84.81801,10/30/2022 13:07,10/30/2022 11:58,#photography #redwhiteandblue #jaihind #patriotic #pakistan #independencedayindia #photooftheday #indianarmy #celebration #summer #bhfyp #follow,Public holidays,happy,0.41894
grumpyPiglet8,Independence Day,-57.9367,-146.17,10/23/2022 9:51,11/9/2022 1:10,#thaugust #art #starsandstripes #flag #holiday #celebrate #indonesia #instadaily #bharat #family #trending #travel #indianflag #thindependenceday #sale #merdeka,Public holidays,happy,0.759127
enviousChowder7,Independence Day,41.94784,99.9544,10/18/2022 16:21,11/15/2022 4:02,#agustus #like #proudindian #fashion #merica #indianindependenceday #godblessamerica #americanflag #covid #explore #delhi #happyfourthofjuly #nature #nigeria,Public holidays,happy,0.402341
enviousChowder7,Commonwealth Games,-29.9445,113.7959,10/31/2022 4:39,11/1/2022 16:37,#games #onthisday #wrestling #badmintonplayer #olympian #badmintonindia #worldathletics #indianathlete #prideofindia #adidas #sportlife #gymnast #srilanka #vineshphogat #badmintonindonesia #wrestler,Sports,happy,0.093998
chicThrush1,European Elections,82.99778,113.3553,10/20/2022 14:40,11/17/2022 8:37,#europ #europeans #italy #brexit #ig #coronavirus #maps #bruxelles #map #ep #romania #humanrights #thistimeimvoting #belgium #strasbourg #thefutureisyours #eusolidarity #europeansociety,elections/political events,anger,0.289
puzzledCrackers2,European Elections,22.32204,-163.73,10/18/2022 22:53,11/6/2022 3:26,#news #europarlament #slovensko #peace #europeanfashion #europeancat #evropskyparlament #travel #climatechange #europeancars #europ #europeans #italy,elections/political events,disgust,0.848575
soreViper3,CES (Consumer Electronics Show),74.71425,40.60053,10/21/2022 10:49,11/9/2022 11:57,#drais #xs #hiphop #vegasbachelorettes #lasvegasstrip #omnia #top #treasures #scores #spearmintrhino #bottleservice #sapphiregentlemensclub #tech #ces #vegas #ch #free #vegasbound,Meet,happy,0.091123
cynicalHyena7,CES (Consumer Electronics Show),-55.2708,-123.103,10/30/2022 11:23,10/25/2022 17:47,#tech  #hiphop #vegasbachelorettes #nazionalit #gufo #ilbuonfabio #business #canedrocato #sema #seriea #omnia #top #treasures #scores,Meet,happy,0.442379
needyDinosaur5,Columbus Day,14.94252,15.35597,10/28/2022 9:17,10/31/2022 22:40,#columbusday #christophercolumbus #columbus #history #protectcolumbus #indigenous #october #repost #usa #italy #nyc #italianamericans #a #cristobalcolon #monday #italianheritage #holiday #knowcolumbus #spain #italoamericani #halloween,Public holidays,happy,0.071174
kindPear6,Diwali,-22.923,160.6402,10/28/2022 0:40,11/8/2022 9:42,#RamSetu #RamsetuDiwali25oct2022 #Diwali #AkshayKumarð“ƒµ,Public holidays,happy,0.181986
gleefulCheetah2,Traffic,6.527246,-145.249,10/22/2022 22:56,11/8/2022 11:10,#hwy401 #OPP #jeep #Traffic #RoadSafety #truckdriver #dashcam #trucking #Transportation #Speeding,Traffic,happy,0.350536
cruelPear2,Motor Traffic,40.36957,-10.4354,10/24/2022 18:27,11/2/2022 14:49,#Traffic#Bonkers@WelshGovernment@CarmsCouncil@NiaGriffithMP,Traffic,happy,0.145004
solemnBaboon2,I-395 Highway Traffic,88.5141,87.78143,10/30/2022 1:26,11/9/2022 20:26,#traffic #vatraffic #dctraffic #395cam,Traffic,happy,0.327861
trustingGatorade6,traffic Jam...at Akurli Road,29.18944,105.7971,10/24/2022 16:23,11/9/2022 4:34,#Traffic #TrafficAlert #TrafficUpdate #autorickshaw,Traffic,anger,0.662072
yearningApples5,BMS Talk,-67.1328,58.31093,10/29/2022 6:25,11/4/2022 3:04,#mycology #research #events #seminars #fungi #mushrooms,Seminars,happy,0.677595
lazyApples3,LandScape 2022,-81.8693,19.30772,10/30/2022 1:44,11/5/2022 18:03,#seminars #seminar #cpd #LANDSCAPE2022 #thenec #cpd #cpdseminars #eventslife #eventsvenue,Seminars,happy,0.444246
mildPaella4, special corporate Seminar,88.39103,77.14847,10/23/2022 18:02,11/4/2022 16:43,#Seminars #Corporate #UAE #Business #Success #JohnOfThings,Seminars,happy,0.304478
dreadfulZebra6,ICICT 2022,-49.1274,148.8465,10/27/2022 6:59,11/10/2022 7:37,#ICICT2022 #Seminars #Conference #KIET #IoT #AI,Seminars,happy,0.583256
fondMeerkat5,Film Festival,-85.0583,-119.054,10/26/2022 17:56,11/3/2022 10:35,#AdirondackFilmFestival #LakePlacidFilmFestival #Free #Seminars #Filmmakers,Seminars,happy,0.830784
alertTacos3,Cloud Summit,9.195103,-125.774,10/19/2022 1:26,11/11/2022 16:24,#cloud #data #technology #cloudcomputing #bigdata #mumbai #summit,Summit,happy,0.697804
hushedCurlew3,EdTech Summit,-80.4222,-28.2967,10/19/2022 20:00,11/6/2022 11:57,#EdTech #academy #education #experience #event #schoolsoftware #grandopening #summit,Summit,happy,0.931098
lyingWeaver1,Marine Cops Training,-78.7545,26.9761,10/29/2022 12:21,11/3/2022 16:20,#Marines #USMC #military,GeoPolitical,happy,0.150156
scornfulSnail0,Standup Comedy - Jerry Seinfeld,45.44235,-155.726,10/26/2022 8:26,11/7/2022 14:13,#standupcomedy #comedy #standup #comedian #funny #jokes #humor #comedyshow #comedians #comedyclub #memes #standupcomedian #comedia #lol #comedycentral #funnyvideos #laugh #hilarious #love #meme #fun #funnymemes #livecomedy #comedynight,Meet,joy,0.136628
mereFalcon0,Phoenix - Anubhav Singh Bassi Live ,85.20933,-25.0267,10/23/2022 15:10,11/4/2022 8:36,#anubhavsinghbassi #memes #standupcomedy #memesdaily #zakirkhan #abhishekupmanyu #standup #hindimemesbelike #beabassi #meme #funnymemes #standupcomedian #akashgupta #follow #aib #iitdelhi #iitkanpur #modimemes #indianstandup #modi #amityuniversity #standupcomic,Meet,happy,0.908781
fondLapwing2,Kannan Gill - Standup,23.18061,165.563,10/23/2022 19:53,11/12/2022 12:51,#kanangill #kennysebastian #comedy #standupcomedy #netflix #biswakalyanrath #sketchybehaviour #standup #yourssincerely #funny #netflixindia #comicstaan,Meet,joy,0.174726
goofyVenison9,Graduation Ceremony,-10.4368,171.0932,10/31/2022 7:50,11/8/2022 11:57,#psychology #graduation #classof2022,Meet,happy,0.652192
solemnBaboon2,GOBELINS' Youtube channel,-10.7821,-155.196,11/1/2022 22:19,11/10/2022 0:05,#animation #2danimation #graduation #digitalart #characterdesign,Meet,happy,0.387371
worriedIguana1,ICAI,30.21832,67.95138,10/22/2022 7:47,11/2/2022 21:19,#ICAI #Convocation #convocationindore #convocation2022,Meet,happy,0.860112
chicBagels1,Motivational Talks,18.94771,160.0723,10/29/2022 7:05,11/13/2022 1:18,#joshtalks are #successfultips #motivationsaturday #motivationquotesoftheday #enterpreneurquotes #motivationpage #sandipmaheshwari #ceoquotes #thoughtleader #fuckbitchbecomerich #achievers,Seminars,happy,0.834333
jealousStork9,Global Climate change strike,-48.6757,151.7085,11/1/2022 7:31,11/13/2022 4:07,#savetheearth #reuse #conservation #ocean #gretathunberg #art #love #noplanetb #plasticpollution #biodiversity #wildlife #energy #cop #ecology #noplastic,Protest,anger,0.272483
kindPear6,Farmer's protest,-84.538,82.1884,10/31/2022 14:27,11/13/2022 22:36,"#FarmersProtest, #standwithfarmerschallenge, #SpeakUpForFarmers, #iamwithfarmers, #kisanektazindabaad, #tractor2twitter, #isupportfarmers",Protest,disgust,0.57817
jumpyFish2,Global Climate change strike,-23.5313,-132.779,10/31/2022 9:58,10/29/2022 13:10,#climatechange #environment #sustainability #nature #globalwarming #savetheplanet #climate #climatecrisis #ecofriendly #climateaction #zerowaste #sustainable #earth #gogreen #climatechangeisreal #plasticfree #green #sustainableliving #climateemergency #recycle #eco #pollution ,Protest,happy,0.560889
pitifulOtter9,Mumbai Traffic updates,-58.1856,-137.469,10/21/2022 21:25,11/5/2022 23:02,#monsoon #nature #india #rain #photography #naturephotography #monsoonseason #travel #rainyday #mumbai #instagram #maharashtra #love #instagood #ig #clouds #photooftheday #incredibleindia,Traffic,anger,0.598856
pitifulOtter9,Traffic updates,86.69507,70.23403,10/22/2022 21:27,11/16/2022 3:12,#latraffic #losangeles #freeway #ladrivers #driving #losangelestraffic #la #latrafficsucks #follow #lalife #california #commute #cars #truck #socal #sanfranciscotraffic #traffic #backpackboyz #laattorney #losangeleslawyer #autoaccident #sflawyer #californiaautoaccident #autoaccidentattorney #trafficaccidents #californiaattorney #sanfranciscolawfirm #californiapersonalinjury #sflawfirm #sfattorney,Traffic,happy,0.295625
cynicalHyena7,Arizona Weather forecast,-70.6232,-174.687,10/25/2022 22:52,11/4/2022 2:48,#arizonaweather #arizona #azliving #arizonalife #arizonaliving #azweather #scottsdalearizona #arizonadesert #mesaaz #gilbertarizona #azlife #arizonahomes #arizonarealestate #gilbertaz,Weather forecast,happy,0.188396
dreadfulZebra6,Weather forecast,-44.1065,160.4625,10/24/2022 12:15,11/7/2022 16:04,#weather #nature #sky #clouds #photooftheday #photography #beautiful #love #rain,Weather forecast,happy,0.90328
solidOryx5,China town Traffic,27.92889,-45.8918,10/27/2022 21:55,11/5/2022 19:23,#Toronto #chinatown #streetphotography #signage #traffic #photo #photography #sign,Traffic,anger,0.187576
amusedStork8,Jammu Traffic,-75.9836,-135.283,10/22/2022 7:02,10/28/2022 6:49,#NH44 #update : #heavy #Traffic #jam on #jammu -#Srinagar,Traffic,anger,0.199719
dejectedMuesli6,Skydiving,-59.7813,-2.00791,10/26/2022 22:56,11/5/2022 17:09,#PalmJumeirah #Flock #MondayMotivation #Skydiving #Travel #MyDubai #SkydiveDubai,Sports,happy,0.437266
aboardSheep3,Skydiving,-62.8265,159.4863,10/28/2022 16:19,11/4/2022 12:38,#skydiving #extremesports,Sports,happy,0.026424
cruelPie4,Skydiving,51.8168,-146.376,10/23/2022 10:56,11/11/2022 14:20,@skydivedubai@visitdubai#skydiving #skydive #skydivingadventure,Sports,happy,0.852033
mellowWidgeon3,Flight strike,-5.18652,-160.423,10/31/2022 23:39,11/12/2022 15:14,#kwaraconnect #Ilorin #kwara #Durbar #ilorindurbar #festiwal #emirates #horse #horseriding #horsepower #tournigeria #culture #african #africanculture,Protest,anger,0.44757
abjectViper6,Movie shoot,-48.5884,124.9654,10/30/2022 13:42,11/8/2022 15:46,#ps1 #shootdiaries #actor #sendhanamudhan #sendhan #horseriding,Meet,happy,0.096856
insecureDotterel1,Ireland horse riding,-33.1591,-101.719,10/27/2022 6:17,11/10/2022 11:29,#ballycastle #NorthernIreland #northcoast #visitcauseway #causewaycoast #horseriding #photography #games,Sports,happy,0.472724
insecurePonie7,Football Match,-26.9109,-11.9469,10/31/2022 16:52,11/16/2022 18:37,#BarcaBayern #barcelonavsBayern,Sports,happy,0.200888
mellowWidgeon3,Football Match,-59.1237,-38.2741,10/31/2022 15:09,11/8/2022 10:56,#UefaChampionsLeague #ChampionsLeague #ChelseavsACMilan #Chelsea,Sports,anger,0.097002
ardentPolenta8,Football Match,75.11071,86.39842,10/28/2022 23:48,11/9/2022 5:29,#PARJUV | #UCL #PSGvsJuventus #PSGJUV #Juventus #ChampionsLeague,Sports,happy,0.698627
excludedSalt1,Memorial,-18.823,-179.371,11/1/2022 17:02,11/3/2022 12:46,#olympics #TeamCanada #CDNParalympics,Public Holidays,sadness,0.907892
selfishSmelt6,Tokyo2020,-58.8771,128.1449,10/27/2022 4:48,11/8/2022 12:33,#CollegeFootball #AutoRacing #Olympics #WideWorldofSports #AFL #NFL #MLB,Sports,happy,0.976013
pitifulMagpie1,Mecca Madina,63.93699,-156.482,10/28/2022 9:17,11/6/2022 12:12,#makkah #mecca #baitullah #houseofallah,Public Holidays,happy,0.460913
insecureDotterel1,Mecca Madina,-21.5499,-140.156,10/25/2022 17:15,11/12/2022 0:10,#macca #JummaMubarak #ShutUpTanveerIlyas,Public Holidays,happy,0.940141
lyingWeaver1,Strike Finland,-43.5657,-26.4861,10/31/2022 2:59,11/5/2022 14:41,#Russia #AtrocitiesOfKremlin #War #Kremlin #Putin #closethesky,Protest,happy,0.831963
goofyVenison9,Movie,45.93002,84.82815,11/1/2022 3:27,11/6/2022 4:21,#Pathaan #War,Meet,surprise,0.72856
insecureRat7,World War 3 memorial meet,4.431105,-17.8338,10/21/2022 18:16,10/26/2022 20:20,#Dailyfluffs #WWIII #Dogs #Ducks #War #Victory #Peace,Meet,happy,0.25388
jealousPolenta0,Ukrain bombed,-32.5905,-13.6689,10/20/2022 10:27,11/14/2022 15:38,#war #UkraineRussianWar #ukraine #Kyiv #putin #PutinIsaWarCriminal #PutinWarCrimes #ukrainewar #ukrainewarvideos #constantcontent,Protest,disgust,0.891781
empathicFalcon3,WAR campaign,52.57082,25.59319,10/21/2022 8:45,10/31/2022 7:14,#VietnamWar #war #home #family,Meet,anger,0.683228
resolvedAntelope6,Wimbeldon 2022,-4.32458,26.83795,10/24/2022 17:37,10/27/2022 10:42,#volunteering #Wimbledon #firstaid #healthcare #Wimbledon2022 #howmanyicecreamsaretoomany,Sports,happy,0.304085
mellowDoves9,Wimbeldon 2022 Final,-37.6125,57.95785,10/28/2022 0:24,11/12/2022 11:05,#Wimbledon #WimbledonFinal #Wimbledon2022 #Tennis #ATP #atptour #NickKyrgios #NovakDjokovicvsNickKyrgios #NovakDjokovic,Sports,happy,0.185393
eagerMallard9,Post Malone,-58.3833,-125.245,10/18/2022 13:52,11/9/2022 17:32,#ampitup #aldanaamphitheatre #liveataldana #bahrain #concert,Concert,happy,0.841015
hushedCurlew3,Kpop,25.20691,-30.2118,10/24/2022 22:53,11/2/2022 0:37,#elastincostarica #ELAST #kpop #concert,Concert,joy,0.929862
curiousPie7,Munich show,1.891854,-32.1458,10/23/2022 2:18,10/30/2022 3:43,#LouisTomlinson #isaacanderson #concert,Concert,happy,0.887991
jealousStork9,Tater Treat,51.68913,58.18005,10/30/2022 17:09,10/28/2022 21:21,#Game #TATER #Discord #GiveAway #PlayToEarn #LovePotato #CryptoNews #Competition #Reward #Games #Prizes,Concert,happy,0.390428
needyDinosaur5,The Dark Side of the Void event,50.99668,60.46082,10/22/2022 22:29,11/4/2022 12:16,#OutlandOdyssey #ProjectSEED #Gaming #Game #GameFi #NFT #RPG,Concert,surprise,0.316788
hushedChough4,PAXWest 2022,75.53302,16.20988,10/29/2022 13:21,10/28/2022 15:12,#gamedev #indiegame #gaming #game #platformergame #indiedev #actiongame #fantasygame #PAXWest #events #gamingevents,Concert,happy,0.020396
selfishSmelt6,Polkacity Metaverse,35.95476,25.17673,10/25/2022 9:37,11/4/2022 23:47,#metaverse #polc #NFT #Contest #game,Concert,happy,0.41962
tautMussel3,T20WorldCup2022,-0.00178,144.1338,10/25/2022 15:48,11/18/2022 11:02,#T20WC2022 #ShaheenShahAfridi #shaheenafridi #PAKvsAFG #WarmUpMatch #T20WorldCup2022,Sports,happy,0.926105
mildPaella4,T20WorldCup2022,-70.0066,22.59434,10/22/2022 19:36,10/31/2022 20:07,#INDvsAUS #T20WorldCup2022 #Trending,Sports,happy,0.735457
thrilledEland2,WAR campaign,4.246271,-85.5722,10/20/2022 11:18,11/13/2022 6:32,#UNHumanRights #ICHREE #UN #USAID #war,Meet,anger,0.25682
sheepishBagels1,food day meet,61.73121,95.86316,10/24/2022 22:26,11/7/2022 23:17,#worldfoodday #worldfoodday2022 #LeaveNoOneBehind #flag,Meet,happy,0.332484
aloofDoves4,AZ election campaign,-7.26269,-119.248,10/21/2022 11:30,11/8/2022 21:21,#ONEV1 #DemVoice1 #Dems4USA,political,happy,0.107749
affectedViper9,AZ election campaign,-59.9505,119.9115,10/24/2022 18:13,10/29/2022 6:09,#leadright #BlakeMasters #AZ #election,political,happy,0.763002
alertDunbird7,TommorowLand Concert,18.2779,80.41445,10/25/2022 16:39,11/15/2022 18:34, #tommorow #land,Concert,happy,0.043386
lazyApples3,Bieber Concert,-15.9252,5.190541,10/20/2022 15:53,11/17/2022 13:35,#selenagomez #justinbieber #madhuridixit #mymindandme #haileybieber #mamaraazzi,Concert,happy,0.926937
gutturalTacos8,CVPR 2022,-28.2005,100.9213,10/21/2022 17:26,10/28/2022 5:20,#cvpr #computervision #AI #neworleans,Conference,happy,0.402026
wornoutFlamingo8,Champions League,19.69388,178.1894,10/23/2022 21:44,11/5/2022 8:33,#BarcellonaNapoli #UEFA #Chammpions,Sports,happy,0.03843
somberStork8,Paris Strike,48.56669,155.4672,10/30/2022 18:38,10/31/2022 22:29,#BreakingNews #UltimaHora #Francia #Strike #Greve18Octobre #Huelga,Protest,happy,0.150986
boredBuck1,Kuttiyatam,-88.1117,11.81579,10/26/2022 5:56,11/5/2022 10:27,#ICCR #Kalamandalam #Watch,Concert,happy,0.351619
blissfulChowder5,Weeknd Concert,-80.8513,101.013,10/29/2022 0:34,11/19/2022 12:46,#TheWeeknd #AfterHoursTilDawnTour #Abel #xo #XOTWOD #Weeknd,Concert,surprise,0.883315
fondMeerkat5,Hungama Concert,-84.6789,-38.5585,10/31/2022 23:45,11/8/2022 18:23,#atif #aslam #atifaslam #honeysingh #aadee #aadeez http://instagram.com/p/ePbEu5THHO/,Concert,joy,0.95805
somberFish6,BTS,-37.9057,51.13402,11/1/2022 16:21,11/15/2022 14:31,#Allofjm_TH #HappyBirthdayJIMIN #JIMIN #HappyJiminDay #bts #bangtan #birthdaygallery,Concert,joy,0.406106